{
  "threshold": 5.613460793246446e+29,
  "anomaly_count": 225.0,
  "anomaly_percentage": 5.005561735261402,
  "mean_reconstruction_error": 1.091292331657654e+29,
  "precision": 1.0,
  "recall": 0.05005561735261402,
  "f1_score": 0.09533898305084745
}