{
  "loss": [
    2.0478374004364013,
    1.7256764888763427,
    1.8105600595474243,
    1.7809483766555787,
    1.8348872184753418,
    1.8626168966293335,
    1.9010849475860596,
    1.9052854299545288,
    1.9368999242782592,
    1.9511433601379395,
    1.969364619255066,
    1.943063735961914,
    1.9875694513320923,
    1.9933658361434936,
    1.9997721910476685,
    2.0035752296447753,
    2.026278018951416,
    2.030843210220337,
    2.0091747283935546,
    2.0312827110290526,
    2.037583661079407,
    2.0496012210845946,
    2.041608715057373,
    2.0409441709518434,
    2.052804636955261,
    2.054803490638733,
    2.04776132106781,
    2.0343735218048096,
    2.0363195180892943,
    2.036212110519409,
    2.048358130455017,
    2.0554495573043825,
    2.062758541107178,
    2.038372802734375,
    2.043764114379883,
    2.0668785572052,
    2.005403828620911,
    2.0635081052780153,
    2.0524155855178834,
    2.047553873062134,
    2.060797166824341,
    2.0670695304870605,
    2.0641225576400757,
    2.0313702821731567,
    2.0600127220153808,
    2.049421453475952,
    2.065081810951233,
    2.029648470878601,
    2.051261043548584,
    2.0442513465881347
  ],
  "recon_loss": [
    0.6892291724681854,
    0.5701858401298523,
    0.6919996500015259,
    0.6726147055625915,
    0.6924610137939453,
    0.6990005791187286,
    0.7002854466438293,
    0.6849970936775207,
    0.6906395673751831,
    0.6937015414237976,
    0.6944103121757508,
    0.6604831337928772,
    0.6962481439113617,
    0.6958535790443421,
    0.6900729835033417,
    0.6862068951129914,
    0.6979197144508362,
    0.696460735797882,
    0.6671807110309601,
    0.6852615237236023,
    0.6862928092479705,
    0.6958528995513916,
    0.685305243730545,
    0.682560122013092,
    0.6921729683876038,
    0.6933011710643768,
    0.6845746636390686,
    0.6701576113700867,
    0.6710743308067322,
    0.6703538775444031,
    0.681542593240738,
    0.6882261812686921,
    0.6941707074642182,
    0.6693232536315918,
    0.6748681783676147,
    0.6985386490821839,
    0.6376384675502778,
    0.6955362915992737,
    0.6831555902957916,
    0.6800597250461579,
    0.6938995659351349,
    0.7008347630500793,
    0.6990174114704132,
    0.667653065919876,
    0.6961189687252045,
    0.6857110440731049,
    0.7002634465694427,
    0.6641441404819488,
    0.6875283718109131,
    0.6827184021472931
  ],
  "kl_loss": [
    0.7218167781829834,
    0.25236929059028623,
    0.10152388215065003,
    0.03438715301454067,
    0.01383919082581997,
    0.006661098171025515,
    0.0035771534778177736,
    0.002023132680915296,
    0.0017365910578519105,
    0.0013882558792829513,
    0.0012711986200883985,
    0.0009901768411509694,
    0.0011650319211184978,
    0.0009253748808987439,
    0.0007740785600617528,
    0.0007591015892103314,
    0.0006868953700177371,
    0.0007059454685077072,
    0.0006892120116390287,
    0.0005731876124627888,
    0.0005438570748083294,
    0.0005269950954243541,
    0.0005325036065187306,
    0.0005297039635479451,
    0.00047046475810930133,
    0.0004505665856413543,
    0.00047669783234596255,
    0.00041856567841023205,
    0.0004352363990619779,
    0.0004450975626241416,
    0.00044924608082510533,
    0.0004803132324013859,
    0.0003823640465270728,
    0.00033992839744314554,
    0.0003869463689625263,
    0.00034919253666885195,
    0.00042329842690378425,
    0.0003626776044256985,
    0.00032159008551388977,
    0.00032070560264401137,
    0.0004331831412855536,
    0.00040345039451494813,
    0.00038469128776341677,
    0.00027270283026155085,
    0.00032646050967741755,
    0.0002482091949786991,
    0.0002386377804214135,
    0.00027783464756794276,
    0.0002883829904021695,
    0.00023814503801986576
  ],
  "ld_loss": [
    0.7199017524719238,
    0.0,
    0.7078700423240661,
    0.0,
    0.700606644153595,
    0.0,
    0.6959622383117676,
    0.0,
    0.6942087531089782,
    0.0,
    0.6936332583427429,
    0.0,
    0.6933543920516968,
    0.0,
    0.6931327104568481,
    0.0,
    0.6931389212608338,
    0.0,
    0.693180775642395,
    0.0,
    0.6931288003921509,
    0.0,
    0.6931674361228943,
    0.0,
    0.693173885345459,
    0.0,
    0.693117094039917,
    0.0,
    0.6931902408599854,
    0.0,
    0.6931962609291077,
    0.0,
    0.693151330947876,
    0.0,
    0.6930763483047485,
    0.0,
    0.6931970477104187,
    0.0,
    0.6932026743888855,
    0.0,
    0.6931872367858887,
    0.0,
    0.6931171178817749,
    0.0,
    0.6931856870651245,
    0.0,
    0.6931481719017029,
    0.0,
    0.6931604743003845,
    0.0
  ],
  "xd_loss": [
    0.718278992176056,
    0.0,
    0.7120787739753723,
    0.0,
    0.7069212913513183,
    0.0,
    0.701723599433899,
    0.0,
    0.6976460218429565,
    0.0,
    0.6964878082275391,
    0.0,
    0.6976966977119445,
    0.0,
    0.6987374782562256,
    0.0,
    0.6952815890312195,
    0.0,
    0.6947108983993531,
    0.0,
    0.6944109559059143,
    0.0,
    0.6936315774917603,
    0.0,
    0.6935784578323364,
    0.0,
    0.6934797763824463,
    0.0,
    0.6933593392372132,
    0.0,
    0.69312983751297,
    0.0,
    0.692870807647705,
    0.0,
    0.6925537943840027,
    0.0,
    0.692965316772461,
    0.0,
    0.6918673038482666,
    0.0,
    0.6933498859405518,
    0.0,
    0.6929368853569031,
    0.0,
    0.6929497718811035,
    0.0,
    0.6931421995162964,
    0.0,
    0.6927764773368835,
    0.0
  ],
  "adv_loss": [
    0.9976998567581177,
    1.0293059825897217,
    1.0677984714508058,
    1.091140079498291,
    1.1355065822601318,
    1.1602857828140258,
    1.1990109205245971,
    1.219276785850525,
    1.245392084121704,
    1.2567477226257324,
    1.2743186712265016,
    1.2820855140686036,
    1.2907387733459472,
    1.2970495700836182,
    1.3093121528625489,
    1.3169888019561768,
    1.328014850616455,
    1.3340295076370239,
    1.3416493892669679,
    1.3457346200942992,
    1.3510189533233643,
    1.35348482131958,
    1.3560372114181518,
    1.3581191778182984,
    1.360396409034729,
    1.3612770318984986,
    1.3629483222961425,
    1.3640066385269165,
    1.365027618408203,
    1.3656356573104858,
    1.366590929031372,
    1.3669832229614258,
    1.3683966159820558,
    1.3688796043395997,
    1.3687024593353272,
    1.3681653261184692,
    1.3675536870956422,
    1.3677905321121215,
    1.3690991878509522,
    1.3673338413238525,
    1.366680955886841,
    1.3660330772399902,
    1.3649127960205079,
    1.3635807991027833,
    1.363730502128601,
    1.3635862827301026,
    1.3646990299224853,
    1.3653654336929322,
    1.3635884523391724,
    1.361413836479187
  ],
  "val_loss": [
    1.858060359954834,
    1.7590346336364746,
    1.7574996948242188,
    1.747063398361206,
    1.8249733448028564,
    1.8317241668701172,
    1.8907510042190552,
    1.8929328918457031,
    1.9277255535125732,
    1.9179518222808838,
    1.9573605060577393,
    1.9638921022415161,
    1.9780290126800537,
    1.975881814956665,
    1.9987483024597168,
    1.9956086874008179,
    2.013906955718994,
    2.0097670555114746,
    2.0245258808135986,
    2.0220680236816406,
    2.0322163105010986,
    2.0305092334747314,
    2.034804105758667,
    2.0337016582489014,
    2.0389087200164795,
    2.038274049758911,
    2.0404698848724365,
    2.040562629699707,
    2.040689706802368,
    2.0418035984039307,
    2.0430872440338135,
    2.0424699783325195,
    2.045337677001953,
    2.043290376663208,
    2.043447732925415,
    2.043360710144043,
    2.0428290367126465,
    2.0421926975250244,
    2.0410025119781494,
    2.039255142211914,
    2.046130418777466,
    2.043078899383545,
    2.038118362426758,
    2.038719654083252,
    2.035234212875366,
    2.0389885902404785,
    2.0410590171813965,
    2.0394175052642822,
    2.041210889816284,
    2.042130947113037
  ],