{
  "loss": [
    0.9677042634256424,
    0.9607207832797882,
    0.9786590260844077,
    0.9920692482302266,
    1.0257443554939762,
    1.209019628263289,
    1.192233383655548,
    1.1428255246531578,
    1.1796592820075251,
    1.219712370826352,
    1.2188738757564175,
    1.1551388232938704,
    1.1585989748277972,
    1.1684432721907092,
    1.1490509471585673,
    1.1427330009398922,
    1.1678491926962329,
    1.1546313589619053,
    1.1459329185947296,
    1.1500190034989388,
    1.1429112438232667,
    1.1538049136438677,
    1.13007426838721,
    1.1335187785087093,
    1.1411123121938398,
    1.1479915149750248,
    1.1503118257368765,
    1.1395059151034201,
    1.153480093325338,
    1.1414946548400386,
    1.142161202046179,
    1.1196249723434448,
    1.150302004429602,
    1.1389949937020578,
    1.1506463077760511,
    1.1299587718902095,
    1.1405838881769488,
    1.131464635172198,
    1.1411301147553228,
    1.129808977726967,
    1.152795212884103,
    1.1501487762697282,
    1.1438122987747192,
    1.1474508508559196,
    1.142841031474452,
    1.1309781286024279,
    1.1460205528043932,
    1.1535114396002986,
    1.1501987922576167,
    1.1448010686905152
  ],
  "recon_loss": [
    0.8045547325764933,
    0.7985387473337112,
    0.8073175568734446,
    0.8087939504654177,
    0.8095491874602533,
    0.8777672321565689,
    0.8355106019204662,
    0.7995570340464192,
    0.8045905463157161,
    0.81036336575785,
    0.8178711033636524,
    0.7986367046833038,
    0.8059679462063697,
    0.7876805913063788,
    0.7935622007616104,
    0.7861275692139903,
    0.8026487702323545,
    0.7955378947719451,
    0.7907612006510457,
    0.7937691461655402,
    0.7876553170142635,
    0.7929816178737148,
    0.7768463703893846,
    0.7780263452760635,
    0.7869584829576554,
    0.7946321627786083,
    0.7957196351020567,
    0.784981906414032,
    0.7966738247102306,
    0.787171321530496,
    0.7885816866351713,
    0.7651849744781372,
    0.796013884006008,
    0.7847233155081349,
    0.7964140186386723,
    0.7756355981672963,
    0.7869071229811637,
    0.7767586929182853,
    0.7872119180617794,
    0.7756845576147879,
    0.7985580188612784,
    0.7952495640324008,
    0.7892779044566616,
    0.792526573904099,
    0.7887663360564939,
    0.7769605171295905,
    0.7908762231949837,
    0.7992303207997353,
    0.7960296186708635,
    0.790341192676175
  ],
  "kl_loss": [
    0.02535971341234061,
    0.0037993405938088415,
    0.0010795477015386906,
    0.0013336285257772092,
    0.001032785173588162,
    0.0034410848710385543,
    0.028498447379998623,
    0.012221150806233767,
    0.009649444942272479,
    0.0047164018183285675,
    0.013638104747740491,
    0.004026619582286765,
    0.004286774862257223,
    0.006417323399575487,
    0.001156538028754444,
    3.9725505391083235e-05,
    0.00010419256132961656,
    0.000962731903259297,
    0.0007202726631094852,
    0.00011140532332055662,
    0.0005368979747741363,
    0.003336391269957887,
    0.0024591253877001545,
    2.6142737081705314e-05,
    9.899908927617353e-07,
    2.590225709618901e-07,
    3.020686636450738e-07,
    2.2018341398173164e-07,
    0.0033302114048338227,
    0.00017923868328521605,
    2.2516174820544446e-06,
    3.573894678120562e-07,
    1.9204232939368775e-07,
    1.5902519994743935e-07,
    2.4916280697454804e-07,
    2.4644022220759474e-07,
    2.5699985634959844e-07,
    1.0993404311607851e-07,
    9.406766897323757e-08,
    1.0001275282855276e-07,
    1.7729883187407098e-07,
    2.7563496546133226e-07,
    1.0764983799711971e-07,
    1.5749470567848513e-07,
    2.937932327812075e-07,
    2.9030924096215103e-07,
    1.132257570211142e-07,
    1.329914286330966e-07,
    1.15971416169183e-07,
    1.8401300566449297e-07
  ],
  "ld_loss": [
    0.6962603753612887,
    0.6945031439104388,
    0.6939343329398863,
    0.6937307850007088,
    0.6935636478085672,
    0.6935838826241032,
    0.6935912851364382,
    0.6932182581193985,
    0.6933345890814259,
    0.6931455442982335,
    0.6930788505461908,
    0.6931988827643856,
    0.6931134039355863,
    0.6930082132739406,
    0.6936055344920005,
    0.6930410477422899,
    0.693393430402202,
    0.6932005286216736,
    0.6931691515830255,
    0.6932181119918823,
    0.6932076388789762,
    0.6931902900818856,
    0.6932583585862191,
    0.6933218798329753,
    0.6932005151625602,
    0.6931554425147272,
    0.6932777416321539,
    0.6931449713245514,
    0.6932384429439422,
    0.6932339399091659,
    0.6931621816850477,
    0.693153848571162,
    0.693154804168209,
    0.6932416596720296,
    0.6931875194272688,
    0.6930756203589901,
    0.6932983379210195,
    0.6932908104312036,
    0.6931888288067233,
    0.6931605435186817,
    0.6931673557527603,
    0.6931993422969696,
    0.6931736276995751,
    0.6930506306309854,
    0.6931664443785145,
    0.6933771948660573,
    0.6931514566944491,
    0.6931697880068133,
    0.6932472336676813,
    0.6932322825154951
  ],
  "xd_loss": [
    0.6269240129378534,
    0.5671410695199044,
    0.5313823598046457,
    0.4855219106520376,
    0.36929728427240927,
    0.33637948670694906,
    0.2546635866165161,
    0.22496218642880839,
    0.2363351357560004,
    0.24821973856418364,
    0.21916532372274705,
    0.20627471275867953,
    0.20366776374078566,
    0.20393240163403173,
    0.20094379734608434,
    0.20048549579035851,
    0.2025488446797094,
    0.2016935170658173,
    0.2022065948094091,
    0.20046278545933385,
    0.19940234864911727,
    0.20007844413480452,
    0.19944691465746972,
    0.19902888805635513,
    0.19896191166293237,
    0.19881220354187873,
    0.19885594566022197,
    0.1988543281632085,
    0.19878011893841527,
    0.19879579880545217,
    0.1987993755648213,
    0.19880152133203322,
    0.1987333119876923,
    0.198727784137572,
    0.198729706387366,
    0.19869025099662044,
    0.19869628356349084,
    0.1986887801078058,
    0.19868439435958862,
    0.19870333325478337,
    0.19873761121303804,
    0.19872914975689304,
    0.19887534168458754,
    0.19879092708710702,
    0.19873224487227778,
    0.19882630580855953,
    0.19876387090452255,
    0.1986861228942871,
    0.19877743336462206,
    0.1988669340648959
  ],
  "adv_loss": [
    0.15046967325672025,
    0.16028235612377043,
    0.17080169723879907,
    0.18260847897298874,
    0.2156787831937113,
    0.3295318623704295,
    0.3424735530730217,
    0.33715792577112874,
    0.37024401945452534,
    0.4069908136321652,
    0.3941837106981585,
    0.354488811185283,
    0.35048764655666964,
    0.37755402057401594,
    0.3549104707856332,
    0.35658557184280887,
    0.36514832896571003,
    0.3586121038083107,
    0.3548115828344899,
    0.35619413660418603,
    0.3549874742184916,
    0.3591550934699274,
    0.3519983320466934,
    0.35547936251086576,
    0.35415332644216474,
    0.3533592204893789,
    0.35459204739139927,
    0.35452389524829003,
    0.3551411619109492,
    0.35423371484202726,
    0.35357839253640944,
    0.35443981616727765,
    0.35428802428707,
    0.35427159263241675,
    0.35423217185081973,
    0.35432304970679745,
    0.35367662964328644,
    0.3547058980311117,
    0.35391814574118585,
    0.35412436915982154,
    0.35423711230677946,
    0.35489906803254156,
    0.3545343404816043,
    0.3549242183085411,
    0.3540745444836155,
    0.35401745765439924,
    0.35514426423657325,
    0.35428104669817034,
    0.35416911782756927,
    0.35445978660737315
  ],