{
  "loss": [
    1.7806713657994424,
    1.7672094837311776,
    1.8344400275138117,
    1.840072101162326,
    1.9121300289707799,
    1.9009061897954633,
    2.103107152446624,
    1.9462488812784995,
    2.0811968849551294,
    1.8883633575131815,
    2.109839181746206,
    1.9037241320456229,
    2.1496115692200197,
    1.9394227420130083,
    2.10173172720017,
    2.1354788272611556,
    2.1499793914056595,
    2.1374721796281877,
    2.155132039900749,
    2.138733817685035,
    2.148414800243993,
    2.1589687985758625,
    2.1484877909383466,
    2.132822517425783,
    2.167418276110003,
    2.0732119660223685,
    2.164496075722479,
    2.1582181569068664,
    2.144216614384805,
    2.1456616001744426,
    2.1598557849084177,
    2.1356711579907324,
    2.1430762390936575,
    2.147082213432558,
    2.146647903227037,
    2.1563160381009503,
    2.1558047033125356,
    2.148197135617656,
    2.1580932563351047,
    2.1591008363231534,
    2.156053966091525,
    2.1564123169068368,
    2.148619686403582,
    2.1530583635453255,
    2.1436781767875916,
    2.156907673804991,
    2.1367546589143815,
    2.1548132627241072,
    2.148698722162554,
    2.15891311630126
  ],
  "recon_loss": [
    0.7827264243556608,
    0.7850348122658268,
    0.7758796859172082,
    0.779638409614563,
    0.7842309994082297,
    0.7967203384445559,
    0.7990988473738393,
    0.7994163363210617,
    0.794111144158148,
    0.777907484000729,
    0.7822994301396031,
    0.7889110484430867,
    0.7909637295430706,
    0.793468265764175,
    0.7790784383973768,
    0.7774791102255544,
    0.7856798575770471,
    0.758802895584414,
    0.7732962254554995,
    0.7571497357660725,
    0.7657437930184026,
    0.7745895212696444,
    0.765012494018001,
    0.7845111075908907,
    0.7862674094015553,
    0.7975745374156583,
    0.7933067400609294,
    0.7743103052339246,
    0.7619444285669634,
    0.769895350740802,
    0.7810161190648233,
    0.7798276332116896,
    0.7780010604089306,
    0.7624658057766576,
    0.7616406352289261,
    0.7713711117544482,
    0.7714391225768674,
    0.7635718324492055,
    0.7725441974978293,
    0.774266327581098,
    0.770373571303583,
    0.7707004152959392,
    0.7630959306993792,
    0.7712738696605929,
    0.7591758899150356,
    0.7716472908373802,
    0.7514062639205686,
    0.7751930163752648,
    0.7629133405223969,
    0.7730919814878895
  ],
  "kl_loss": [
    0.048224504466258714,
    0.009795723092411794,
    0.006758054087479268,
    0.0038945497043671147,
    0.00341073751089073,
    0.009450178629072804,
    0.003234388138685796,
    0.0015752021657047613,
    0.0010658666780669122,
    0.0013496813292975627,
    0.00045305467152032973,
    0.0007525645027447852,
    0.014856443101668828,
    0.0006607412529598561,
    0.0005184491867346937,
    8.625884683785825e-05,
    0.0001412760892332787,
    4.757323022790989e-05,
    1.292869403128392e-05,
    5.005929001673658e-06,
    2.9621048988995044e-05,
    2.6263961158732736e-06,
    1.0868673015348548e-05,
    7.535387220330801e-05,
    0.0007524933227555707,
    0.005661452071146942,
    0.003427714160117771,
    0.0005761936354833926,
    7.798178293958171e-05,
    8.8855709280676e-05,
    0.0001917610800686112,
    0.0001784911242617865,
    0.00022479023033567148,
    5.607066932791513e-06,
    2.6191282080206645e-06,
    1.6445960443800892e-06,
    2.347807856773626e-06,
    1.6402199244405512e-06,
    4.935649409463299e-07,
    8.175757829022703e-07,
    1.0563550979037657e-05,
    1.9035032704184025e-07,
    1.8313624108240983e-07,
    1.0909373126959245e-05,
    2.5769665698256236e-06,
    2.2186772665672688e-07,
    1.8751237571986818e-07,
    7.161936781952341e-05,
    6.899034233246341e-06,
    1.7213053056743381e-07
  ],
  "ld_loss": [
    0.7210010117100131,
    0.0,
    0.7155234640644442,
    0.0,
    0.7066211315893358,
    0.0,
    0.6943701044205697,
    0.0,
    0.6932283274589046,
    0.0,
    0.6931542523445622,
    0.0,
    0.6931670096612745,
    0.0,
    0.693198150204074,
    0.0,
    0.6931024174536428,
    0.0,
    0.6932423287822355,
    0.0,
    0.6931912572153153,
    0.0,
    0.6930784775364783,
    0.0,
    0.6931893614030653,
    0.0,
    0.6930984681652438,
    0.0,
    0.693141887264867,
    0.0,
    0.6931863196434513,
    0.0,
    0.6931897824810397,
    0.0,
    0.6931706859219459,
    0.0,
    0.6931640832654892,
    0.0,
    0.6931523911414608,
    0.0,
    0.6931638986833634,
    0.0,
    0.6931493166954287,
    0.0,
    0.6931446444603705,
    0.0,
    0.6931430447486139,
    0.0,
    0.6931592898984109,
    0.0
  ],
  "xd_loss": [
    0.7063509225845337,
    0.0,
    0.683113161594637,
    0.0,
    0.6733019813414542,
    0.0,
    0.6500823209362645,
    0.0,
    0.6904551194560143,
    0.0,
    0.627850551759043,
    0.0,
    0.6262212337986115,
    0.0,
    0.6408756779086205,
    0.0,
    0.5575094126885937,
    0.0,
    0.5345633183756182,
    0.0,
    0.5311854923925092,
    0.0,
    0.5257410137884079,
    0.0,
    0.5108943466217287,
    0.0,
    0.5438604508676836,
    0.0,
    0.5198789642703149,
    0.0,
    0.5136987470811413,
    0.0,
    0.5297610086779441,
    0.0,
    0.5063484195739992,
    0.0,
    0.5050565715759031,
    0.0,
    0.5036332722633116,
    0.0,
    0.5032669325028697,
    0.0,
    0.5033672625018705,
    0.0,
    0.5041220322732003,
    0.0,
    0.5035692607202837,
    0.0,
    0.5032430060448185,
    0.0
  ],
  "adv_loss": [
    0.9738326957148891,
    0.977276821290293,
    1.05518130717739,
    1.0584864193393337,
    1.1261936618435768,
    1.0994607786978445,
    1.302391109928008,
    1.146044942640489,
    1.286552829127158,
    1.1097810114583662,
    1.3273132424200735,
    1.114436799480069,
    1.3512196040922595,
    1.1456240723209996,
    1.3223940557049167,
    1.3579565863455496,
    1.3642289100154754,
    1.378645493138221,
    1.3818293386890041,
    1.3815815794852473,
    1.3826561858577113,
    1.3843779717722247,
    1.3834698738590363,
    1.34827374258349,
    1.3807746171951294,
    1.2728067021216116,
    1.3694754569761214,
    1.3836197583906111,
    1.3822331851528538,
    1.3757218545483005,
    1.378743783120186,
    1.3557542870121617,
    1.3649627662474109,
    1.3846136023921352,
    1.3850059624641173,
    1.3849441159156062,
    1.3843644203678254,
    1.384624485046633,
    1.3855488031141219,
    1.3848341126595773,
    1.3856751111245924,
    1.3857118006675475,
    1.3855236807177145,
    1.3817790285233529,
    1.384501014986346,
    1.3852602743333386,
    1.3853483200073242,
    1.3795844239573325,
    1.3857819418753348,
    1.385821061749612
  ],
  "val_loss": [
    1.814123511314392,
    1.78143310546875,
    1.8761367797851562,
    1.8299633264541626,
    1.966770887374878,
    1.8921566009521484,
    2.2548954486846924,
    2.033238172531128,
    2.1741385459899902,
    2.095700263977051,
    2.1867949962615967,
    2.0946431159973145,
    2.190619468688965,
    2.172511577606201,
    2.1682939529418945,
    2.0967319011688232,
    2.1737608909606934,
    2.1699042320251465,
    2.172626495361328,
    2.1755008697509766,
    2.174516201019287,
    2.174025774002075,
    2.172168254852295,
    2.2225265502929688,
    2.1736481189727783,
    2.048753499984741,
    2.180295705795288,
    2.1723005771636963,
    2.171380043029785,
    2.181208848953247,
    2.1735727787017822,
    2.157242774963379,
    2.174996852874756,
    2.1739377975463867,
    2.1743576526641846,
    2.172104835510254,
    2.1734442710876465,
    2.174050807952881,
    2.1738927364349365,
    2.1741137504577637,
    2.174659013748169,
    2.1739675998687744,
    2.1738014221191406,
    2.1675796508789062,
    2.1740479469299316,
    2.174125909805298,
    2.167954206466675,
    2.175863265991211,
    2.1747279167175293,
    2.1740922927856445
  ],