{
  "timestamp": "2025-12-28T08:26:10.645321",
  "training_epochs": 50,
  "final_loss": 2.15891311630126,
  "anomaly_detection_threshold": 10.12216854095459,
  "anomalies_detected": 334,
  "anomaly_percentage": 7.43047830923248,
  "metrics": {
    "threshold": 10.12216854095459,
    "anomaly_count": 334.0,
    "anomaly_percentage": 7.43047830923248,
    "mean_reconstruction_error": 4.972808361053467,
    "precision": 1.0,
    "recall": 0.47375886524822697,
    "f1_score": 0.6429258902791145
  }
}