{
  "timestamp": "2025-12-27T23:26:15.437899",
  "training_epochs": 50,
  "final_loss": 2.0442513465881347,
  "anomaly_detection_threshold": 6.0067738527678255e+29,
  "anomalies_detected": 225,
  "anomaly_percentage": 5.005561735261402,
  "metrics": {
    "threshold": 5.613460793246446e+29,
    "anomaly_count": 225.0,
    "anomaly_percentage": 5.005561735261402,
    "mean_reconstruction_error": 1.091292331657654e+29,
    "precision": 1.0,
    "recall": 0.05005561735261402,
    "f1_score": 0.09533898305084745
  }
}